<manifest><control namespace="PCFComponent" constructor="PoCClickCoordinates" version="0.0.1" display-name-key="PoCClickCoordinates" description-key="PoCClickCoordinates description" control-type="standard" api-version="1.3.5"><external-service-usage enabled="false" /><property name="sampleProperty" display-name-key="Property_Display_Key" description-key="Property_Desc_Key" of-type="SingleLine.Text" usage="bound" required="true" /><property name="XAxis" display-name-key="outputVal" description-key="Output from the conrol" of-type="SingleLine.Text" usage="output" /><property name="YAxis" display-name-key="outputVal" description-key="Output from the conrol" of-type="SingleLine.Text" usage="output" /><resources><code path="bundle.js" order="1" /></resources><built-by name="pac" version="1.22.2" /></control></manifest>